{
  "rouge1": [
    0.5648854961832062,
    0.05709876543209876,
    0.10371408549404344
  ],
  "rouge2": [
    0.09230769230769231,
    0.009266409266409266,
    0.016842105263157894
  ],
  "rougeL": [
    0.35877862595419846,
    0.036265432098765434,
    0.06587245970567625
  ]
}