epoch,accuracy,learning_rate,loss,val_accuracy,val_loss
10,0.015373864211142063,9.999999747378752e-06,5.053112983703613,0.00978473573923111,4.815719127655029
11,0.040111809968948364,9.999999747378752e-06,4.593847751617432,0.011089366860687733,4.8486223220825195
12,0.0932215228676796,9.999999747378752e-06,4.272875785827637,0.010437051765620708,4.855462551116943
13,0.15765199065208435,4.999999873689376e-06,3.9522476196289062,0.007827788591384888,4.847842693328857
14,0.2015373855829239,4.999999873689376e-06,3.7363224029541016,0.007175473030656576,4.851896286010742
